	0POS	1POS	2POS	3POS	4POS	5POS	6POS	7POS	8POS	9POS	10POS	11POS	12POS	13POS	14POS	15POS	16POS	17POS	18POS	19POS	20POS	21POS	22POS	23POS	24POS	25POS	26POS	27POS	28POS	29POS	30POS	31POS	32POS	33POS	34POS	35POS	36POS	37POS	38POS	39POS	40POS	41POS	42POS	43POS	44POS	45POS	46POS	47POS	48POS	49POS	50POS	51POS	52POS	53POS	54POS	55POS	56POS	57POS	58POS	59POS	60POS	61POS	62POS	63POS	64POS	65POS	66POS	67POS	68POS	69POS	70POS	71POS	72POS	73POS	74POS	75POS	76POS	77POS	78POS	79POS	80POS	81POS	82POS	83POS	84POS	85POS	86POS	87POS	88POS	89POS	90POS	91POS	92POS	93POS	94POS	95POS	96POS	97POS	98POS	99POS	100POS	101POS	102POS	103POS	104POS	105POS	106POS	107POS	108POS	109POS	110POS	111POS	112POS	113POS	114POS	115POS	116POS	117POS	118POS	119POS	120POS	121POS	122POS	123POS	124POS	125POS	126POS	127POS	128POS	129POS	130POS	131POS	132POS	133POS	134POS	135POS	136POS	137POS	138POS	139POS	140POS	141POS	142POS	143POS	144POS	145POS	146POS	147POS	148POS	149POS	150POS	151POS	152POS	153POS	154POS	155POS	156POS	157POS	158POS	159POS	160POS	161POS	162POS	163POS	164POS	165POS	166POS	167POS	168POS	169POS	170POS	171POS	172POS	173POS	174POS	175POS	176POS	177POS	178POS	179POS	180POS	181POS	182POS	183POS	184POS	185POS	186POS	187POS	188POS	189POS	190POS	191POS	192POS	193POS	194POS	195POS	196POS	197POS	198POS	199POS	200POS	201POS	202POS	203POS	204POS	205POS	206POS	207POS	208POS	209POS	210POS	211POS	212POS	213POS	214POS	215POS	216POS	217POS	218POS	219POS	220POS	221POS	222POS	223POS	224POS	225POS	226POS	227POS	228POS	229POS	230POS	231POS	232POS	233POS	234POS	235POS	236POS	237POS	238POS	239POS	240POS	241POS	242POS	243POS	244POS	245POS	246POS	247POS	248POS	249POS	250POS	251POS	252POS	253POS	254POS	255POS	256POS	257POS	258POS	259POS	260POS	261POS	262POS	263POS	264POS	265POS	266POS	267POS	268POS	269POS	270POS	271POS	272POS	273POS	274POS	275POS	276POS	277POS	278POS	279POS	280POS	281POS	282POS	283POS	284POS	285POS	286POS	287POS	288POS	289POS	290POS	291POS	292POS	293POS	294POS	295POS	296POS	297POS	298POS	299POS	300POS	301POS	302POS	303POS	304POS	305POS	306POS	307POS	308POS	309POS	310POS	311POS	312POS	313POS	314POS	315POS	316POS	317POS	318POS	319POS	320POS	321POS	322POS	323POS	324POS	325POS	326POS	327POS	328POS	329POS	330POS	331POS	332POS	333POS	334POS	335POS	336POS	337POS	338POS	339POS	340POS	341POS	342POS	343POS	344POS	345POS	346POS	347POS	348POS	349POS	350POS	351POS	352POS	353POS	354POS	355POS	356POS	357POS	358POS	359POS	360POS	361POS	362POS	363POS	364POS	365POS	366POS	367POS	368POS	369POS	370POS	371POS	372POS	373POS	374POS	375POS	376POS	377POS	378POS	379POS	380POS	381POS	382POS	383POS	384POS	385POS	386POS	387POS	388POS	389POS	390POS	391POS	392POS	393POS	394POS	395POS	396POS	397POS	398POS	399POS	400POS	401POS	402POS	403POS	404POS	405POS	406POS	407POS	408POS	409POS	410POS	411POS	412POS	413POS	414POS	415POS	416POS	417POS	418POS	419POS	420POS	421POS	422POS	423POS	424POS	425POS	426POS	427POS	428POS	429POS	430POS	431POS	432POS	433POS	434POS	435POS	436POS	437POS	438POS	439POS	440POS	441POS	442POS	443POS	444POS
-			8.0											2.0																							1.0																																																																																				1.0																		1.0																																																																																																																																														1.0																			1.0	1.0																																																														4.0																															5.0																			3.0																													1.0			
A									1.0	1.0				11.0		1.0		2.0		2.0			1.0	413.0	3.0		1.0	11.0		2.0		2.0		2.0				413.0	14.0		4.0		3.0	1.0	14.0	11.0	1.0	1.0	414.0	5.0	13.0	2.0	1.0		413.0	414.0	6.0				411.0	3.0	11.0		1.0		2.0		2.0				411.0	3.0		1.0	1.0			11.0		1.0		2.0		3.0	1.0			410.0	3.0	1.0											11.0		1.0		2.0		2.0			11.0	421.0	4.0	1.0	2.0	3.0	2.0	3.0			409.0	413.0	4.0		12.0	12.0	12.0	2.0	3.0	2.0	4.0	14.0	2.0	1.0	408.0	413.0	412.0	6.0		11.0		409.0	4.0	2.0		2.0		1.0		407.0	5.0				1.0				11.0		1.0		3.0		3.0	1.0			408.0	5.0											1.0					1.0		11.0	11.0	2.0	1.0	3.0	3.0	13.0	2.0	1.0	1.0	411.0	414.0	7.0		1.0		409.0	5.0									1.0			1.0							1.0				1.0	1.0		11.0		1.0		13.0		3.0		2.0		411.0	5.0			409.0	5.0	1.0											12.0		1.0		3.0		3.0		11.0		421.0	16.0	3.0	1.0	4.0	2.0	2.0	2.0	409.0	5.0	408.0	414.0	5.0										1.0			11.0		1.0		2.0		2.0	11.0		2.0	407.0	8.0	12.0	2.0	1.0		3.0	407.0	8.0	1.0			407.0	7.0	2.0			11.0		1.0		3.0	1.0	3.0	11.0		1.0	407.0	19.0	12.0	3.0	1.0	2.0	2.0	409.0	8.0	1.0		407.0	413.0	7.0	1.0							1.0										11.0		1.0		13.0		14.0		3.0		406.0	10.0	3.0		402.0	10.0	403.0	10.0	1.0	1.0											1.0		11.0		1.0		2.0		2.0				397.0	15.0	1.0							11.0		1.0		2.0		2.0	11.0	11.0	1.0	395.0	20.0	3.0	2.0	2.0		11.0	404.0	413.0	20.0	3.0	2.0	2.0	2.0			394.0	410.0	19.0	1.0			
C				415.0											1.0																																								1.0																							11.0		1.0		2.0		2.0				411.0	3.0																																																					1.0	1.0																																				1.0											1.0	11.0		1.0		2.0		2.0				409.0	5.0																					1.0																						11.0		1.0		2.0		2.0				409.0	5.0																			1.0					1.0											1.0		11.0		1.0		2.0		2.0				407.0	6.0	1.0							1.0	2.0			1.0													1.0																																																	11.0		1.0		2.0		2.0				402.0	10.0	1.0																				1.0						11.0		1.0		2.0		2.0				394.0	18.0	1.0																	
D	1.0		2.0	1.0			1.0		11.0		1.0		2.0		2.0				412.0	2.0				1.0						1.0							2.0				1.0							1.0				1.0											1.0				1.0								11.0		1.0		2.0		2.0				410.0	3.0															11.0		1.0		3.0		13.0		1.0		411.0	3.0	2.0				411.0	3.0					1.0											1.0		1.0		2.0		11.0		1.0		13.0		3.0		2.0	1.0	410.0	16.0		1.0	408.0	7.0		3.0				407.0	5.0				11.0		1.0		13.0		3.0		3.0		410.0	5.0			408.0	5.0	1.0												1.0		1.0	1.0											2.0						1.0						11.0		1.0		2.0		14.0		2.0		410.0	5.0	2.0		1.0		409.0	15.0		1.0	1.0	13.0		3.0		2.0		411.0	5.0			409.0	16.0	1.0	1.0		2.0		2.0				408.0	6.0								1.0						1.0								11.0		2.0		3.0		2.0				407.0	6.0	11.0		12.0		3.0		4.0		2.0		407.0	6.0	409.0	6.0	12.0		1.0		3.0		13.0		1.0		409.0	6.0	2.0				407.0	6.0	11.0		1.0		2.0		2.0				407.0	6.0	1.0															11.0		1.0		2.0		2.0				402.0	10.0	1.0						11.0		1.0		2.0		13.0		1.0		404.0	10.0	3.0				412.0	10.0	2.0		2.0		2.0				397.0	15.0	1.0										11.0		1.0		2.0		13.0		1.0		396.0	18.0	3.0				394.0	18.0	1.0															
E		2.0	412.0			414.0						1.0							1.0			1.0	11.0		1.0	1.0	13.0		3.0		2.0		414.0	2.0			410.0	2.0									11.0		12.0	12.0	4.0	2.0	4.0	2.0	3.0	2.0	411.0	3.0	411.0	411.0	3.0			1.0								12.0		2.0		2.0		2.0		1.0	1.0	410.0	3.0	1.0																		11.0		1.0	1.0	2.0	1.0	2.0		1.0		409.0	3.0		1.0							11.0		1.0	11.0	3.0	1.0	2.0	2.0		2.0	408.0	4.0		408.0	4.0						1.0									1.0		11.0		11.0	1.0	3.0	11.0	4.0	1.0	2.0	2.0	408.0	7.0	408.0	5.0		408.0	5.0				1.0					1.0		1.0			1.0				11.0		1.0		2.0	2.0	2.0		1.0		409.0	5.0				1.0	1.0		1.0			11.0		12.0		3.0		4.0		2.0		420.0	6.0	410.0	5.0	2.0		4.0				408.0	15.0	1.0	1.0	1.0	2.0	1.0	2.0		1.0	1.0	409.0	5.0							1.0							11.0		1.0		3.0		2.0				409.0	5.0						1.0	1.0		1.0				1.0	1.0							12.0		2.0	1.0	2.0		3.0			11.0	407.0	7.0	11.0	3.0	1.0	2.0	2.0		2.0	418.0	6.0	2.0	407.0	9.0	2.0	2.0				408.0	6.0	1.0							1.0			11.0		1.0		2.0		2.0	1.0	11.0		418.0	6.0	4.0	1.0	4.0	1.0	13.0		408.0	6.0	410.0	6.0	3.0	10.0		1.0	406.0	8.0	1.0	2.0				406.0	6.0	1.0																											11.0		1.0		2.0		13.0		1.0		399.0	15.0	3.0	11.0		1.0	397.0	17.0	1.0	2.0				397.0	15.0	1.0													11.0		1.0		2.0		2.0				394.0	18.0	1.0						
F	2.0	1.0			414.0			1.0												1.0							1.0												1.0																							1.0													1.0							11.0		1.0		2.0		2.0				410.0	3.0											1.0	11.0		1.0	1.0	2.0		2.0				410.0	3.0		1.0					1.0							11.0	1.0	1.0	1.0	2.0		2.0				407.0	4.0	11.0		1.0		2.0		2.0				408.0	5.0							1.0			1.0		11.0		1.0		2.0		2.0				408.0	5.0		11.0		1.0		4.0		2.0				408.0	5.0																		11.0		1.0		13.0		3.0		2.0		411.0	5.0			420.0	5.0	1.0		2.0		2.0				409.0	5.0		11.0	1.0	1.0		2.0		2.0				409.0	6.0																															1.0	1.0																																													1.0	1.0		1.0													11.0		1.0		2.0		2.0				418.0	6.0	2.0		2.0		2.0				406.0	6.0	1.0																			11.0		1.0		2.0		2.0				402.0	10.0	1.0																																		11.0		1.0	11.0	2.0	1.0	2.0	2.0		2.0	394.0	18.0	1.0	394.0	18.0	1.0					
G			1.0									1.0	11.0		12.0	1.0	3.0	1.0	4.0		3.0		412.0	2.0	412.0	2.0								1.0			1.0																1.0	11.0		2.0		2.0		2.0	1.0			411.0	3.0					12.0		1.0	1.0	2.0		2.0				410.0	3.0	1.0	1.0								1.0		1.0							1.0														1.0	11.0		1.0		3.0		2.0			11.0	407.0	5.0		3.0		2.0				408.0	4.0		12.0		1.0		2.0		2.0				408.0	5.0		1.0	1.0						1.0		1.0		2.0			11.0		1.0		2.0		2.0	1.0		11.0	409.0	6.0		2.0		2.0		1.0		408.0	5.0	12.0		2.0	1.0	3.0	1.0	2.0				409.0	16.0		1.0	1.0	2.0		2.0				409.0	5.0								1.0																11.0		2.0		3.0		2.0				409.0	4.0							1.0			1.0	11.0		1.0		2.0		3.0	11.0		2.0	408.0	7.0		4.0				409.0	5.0			11.0		1.0	11.0	3.0	1.0	2.0	2.0	1.0	2.0	419.0	6.0	1.0	408.0	8.0		13.0	11.0	13.0	1.0	409.0	9.0	4.0	2.0	3.0		407.0	413.0	414.0	7.0	1.0	1.0													11.0		1.0		2.0		2.0				409.0	6.0	1.0		1.0				11.0		1.0		2.0		2.0				407.0	6.0	1.0							11.0		1.0		2.0		2.0				402.0	10.0	1.0		11.0		1.0		2.0		2.0				402.0	10.0	12.0		1.0		2.0		2.0				402.0	10.0	1.0								11.0		1.0		2.0		2.0				397.0	15.0	1.0																		11.0		1.0		2.0		2.0				394.0	17.0	2.0		
H	1.0										11.0		1.0		2.0		2.0				412.0	2.0													1.0																																	12.0		1.0		2.0		2.0				411.0	14.0		1.0		1.0		2.0				410.0	3.0														12.0		1.0		2.0		2.0			2.0	410.0	3.0																																1.0											1.0					1.0	1.0							11.0		1.0		2.0		2.0				399.0	5.0													1.0		1.0		1.0																	12.0		1.0		2.0		2.0				405.0	3.0		1.0																								1.0	1.0												11.0		1.0	1.0	2.0		2.0				409.0	5.0									1.0											1.0			11.0		12.0		3.0		4.0		2.0		407.0	6.0	408.0	6.0	1.0		1.0								1.0																																																																												11.0		1.0		2.0		2.0				283.0	8.0	1.0							11.0		1.0		2.0		2.0				394.0	18.0	1.0														
I								1.0						1.0										11.0		2.0		2.0	11.0	2.0	1.0		2.0	412.0	4.0		11.0		412.0	3.0	2.0		2.0			1.0	411.0	3.0						1.0			1.0									1.0							11.0		1.0		2.0	1.0	2.0				410.0	3.0	1.0					11.0		1.0		2.0		2.0	1.0		11.0	409.0	4.0		2.0		2.0				410.0	3.0	11.0		1.0		2.0		13.0		1.0		410.0	4.0	2.0	1.0			408.0	4.0	11.0		1.0		2.0		2.0		1.0		407.0	5.0							1.0		11.0		1.0		2.0	1.0	2.0				408.0	5.0													1.0											1.0			2.0	11.0		1.0		2.0		2.0				409.0	5.0	11.0		2.0		2.0		2.0				410.0	5.0						1.0	1.0									11.0		1.0		3.0		2.0	2.0		1.0	409.0	4.0		11.0		2.0	1.0	2.0		2.0				420.0	5.0	1.0		2.0		2.0	11.0		1.0	409.0	7.0		2.0				410.0	5.0							1.0	11.0		1.0		2.0		2.0		1.0		408.0	6.0																					1.0					11.0		1.0		2.0		2.0	11.0		1.0	406.0	8.0		2.0				407.0	6.0	1.0		11.0	1.0	1.0		2.0		2.0				407.0	6.0	1.0																1.0								11.0	1.0	1.0		2.0		2.0				402.0	10.0	1.0					11.0		1.0		2.0		3.0				397.0	15.0	1.0																																														
K	11.0	11.0	4.0	1.0	3.0	2.0	4.0	2.0	2.0	1.0	413.0	414.0	412.0			11.0		1.0		2.0		2.0				412.0	2.0			11.0		1.0	1.0	2.0		2.0				411.0	3.0	2.0					1.0																								1.0																				1.0			2.0								1.0								1.0		1.0				1.0				1.0								1.0				1.0									1.0			1.0		1.0																								1.0				11.0		1.0		2.0	1.0	2.0				408.0	5.0				1.0		1.0			11.0		1.0	11.0	2.0	1.0	2.0	2.0		2.0	409.0	16.0	1.0	410.0	5.0	2.0		2.0		12.0		421.0	5.0	3.0		4.0		3.0		409.0	5.0	409.0	5.0	2.0								11.0	1.0	1.0		2.0		2.0		1.0		410.0	5.0	11.0		1.0	1.0	2.0		2.0				409.0	5.0							1.0																	11.0		2.0		2.0		2.0				407.0	6.0							1.0				1.0																1.0			1.0			1.0			1.0	11.0		1.0		2.0		2.0			12.0	407.0	7.0	1.0	2.0		2.0	11.0		1.0	407.0	8.0	2.0	2.0	11.0		1.0	406.0	8.0	1.0	2.0				402.0	6.0	1.0																					1.0																	11.0		1.0		13.0		3.0	2.0	2.0		396.0	15.0	1.0		394.0	18.0	1.0				11.0		1.0	11.0	2.0	1.0	2.0	2.0		13.0	394.0	19.0	1.0	396.0	18.0	3.0				394.0	17.0	2.0	
L		1.0		2.0	11.0	2.0	1.0	11.0	2.0	426.0	2.0	3.0		4.0	412.0	4.0		412.0	2.0	412.0	13.0		1.0		2.0		2.0				412.0	2.0	11.0		1.0		2.0	11.0	2.0	1.0		3.0	411.0	5.0				411.0	3.0			11.0		1.0	11.0	2.0	1.0	2.0	2.0		2.0	411.0	3.0		411.0	3.0									1.0	11.0		1.0	1.0	2.0		2.0				422.0	14.0	1.0	2.0	2.0	2.0	2.0	2.0			410.0	424.0	3.0	2.0		2.0		2.0	1.0			410.0	3.0			1.0																													1.0			1.0		1.0			1.0					1.0	1.0	1.0														1.0								1.0								1.0							11.0		1.0		2.0		3.0			1.0	420.0	5.0	1.0		3.0	1.0	2.0				411.0	5.0			1.0	1.0			1.0		1.0									1.0						1.0				1.0					11.0	1.0	2.0		2.0	12.0	2.0	1.0	1.0	2.0	409.0	7.0	12.0		1.0	409.0	7.0		2.0				409.0	5.0				1.0															11.0		1.0		2.0		2.0				408.0	4.0				1.0	11.0		1.0		2.0	11.0	13.0	1.0	1.0	2.0	409.0	19.0	3.0	1.0		421.0	413.0	10.0		13.0		409.0	6.0	2.0		409.0	6.0	1.0		407.0	6.0	1.0					11.0		1.0		2.0	1.0	2.0				407.0	17.0	1.0	1.0		2.0		13.0		1.0		419.0	6.0	4.0		2.0		404.0	10.0	1.0		402.0	10.0	1.0																									71.0	3.0	1.0						11.0		1.0		2.0		2.0				394.0	18.0	1.0				11.0		1.0		2.0		2.0				394.0	18.0	1.0											
M	1.0		2.0		2.0				414.0											1.0								1.0																			1.0	11.0		1.0		2.0		2.0				411.0	3.0	11.0		1.0	1.0	2.0		2.0	1.0			411.0	3.0						11.0		1.0		2.0		2.0				410.0	3.0									1.0			11.0		1.0		2.0		2.0				410.0	3.0												11.0		1.0		3.0		2.0		11.0		409.0	4.0	2.0		2.0				407.0	5.0								11.0		1.0		2.0		2.0			1.0	406.0	5.0																		1.0																										1.0															1.0										11.0		1.0		2.0		2.0				409.0	4.0								1.0													11.0		2.0		2.0		2.0				409.0	5.0												1.0														2.0									12.0		1.0		2.0		2.0				408.0	6.0														1.0																1.0			11.0		1.0		2.0		2.0				404.0	6.0	1.0																								11.0		1.0		6.0		2.0				326.0	12.0												11.0		1.0		2.0		2.0				394.0	18.0	1.0																						
N																							1.0																				1.0																						12.0		1.0		2.0		2.0				411.0	4.0					1.0	1.0	1.0											11.0	1.0	12.0		3.0		4.0		2.0		409.0	3.0	409.0	3.0		1.0																					2.0	1.0															11.0		1.0		2.0	1.0	2.0				408.0	5.0																			1.0		1.0						11.0		12.0		3.0		4.0		2.0		409.0	5.0	409.0	5.0										1.0		1.0																	4.0	2.0						11.0		1.0		2.0		2.0				409.0	5.0											1.0																								11.0		13.0	1.0	3.0		4.0		2.0		406.0	6.0	407.0	6.0																				11.0		1.0		2.0		2.0				407.0	6.0																					1.0																																								11.0	11.0	1.0	1.0	2.0	2.0	2.0	2.0			397.0	412.0	16.0	1.0																																																
P	416.0		2.0		1.0		414.0					11.0		1.0		2.0		2.0				423.0	2.0	1.0		2.0		2.0				413.0	3.0			1.0			1.0	12.0		1.0		2.0	1.0	2.0				411.0	3.0			1.0		11.0		1.0		2.0		2.0				411.0	3.0										1.0												11.0		1.0		13.0		3.0	1.0	2.0		412.0	3.0	1.0		410.0	3.0	1.0		1.0	11.0		1.0		3.0		2.0				410.0	3.0																11.0	11.0	1.0	1.0	2.0	2.0	2.0	2.0	11.0	1.0	410.0	413.0	7.0	11.0	2.0	1.0		2.0	407.0	7.0			11.0	409.0	6.0	1.0	2.0		2.0				408.0	5.0									1.0			12.0	1.0	1.0		2.0		2.0				409.0	5.0																																1.0			1.0																		1.0				11.0		2.0		2.0		2.0	1.0			409.0	5.0		11.0		12.0		3.0		5.0		2.0		409.0	5.0	403.0	5.0						11.0	1.0	1.0	11.0	2.0	1.0	2.0	2.0		2.0	408.0	6.0		407.0	6.0		1.0									1.0														1.0	1.0						11.0		1.0		2.0		3.0				407.0	7.0	1.0			1.0																	11.0		1.0		2.0		2.0				402.0	10.0	1.0																							11.0		1.0		2.0		2.0				397.0	15.0	1.0			11.0		1.0		2.0		2.0				394.0	18.0	1.0																									
Q				11.0		1.0		2.0		2.0				412.0	2.0																																	1.0																																					1.0			11.0		1.0		2.0		2.0				411.0	3.0			1.0							1.0					1.0																																																						1.0																																	11.0		1.0		2.0		2.0				409.0	16.0	1.0	1.0		2.0	11.0	2.0	1.0		2.0	408.0	7.0				409.0	4.0													1.0																				1.0		1.0								11.0		1.0		2.0		2.0				408.0	6.0																																		11.0		1.0		2.0		2.0				406.0	6.0																	11.0		1.0		2.0		2.0				406.0	6.0	1.0								11.0		1.0		2.0		2.0				402.0	10.0	1.0																																																																					
R											3.0		1.0	1.0			1.0	11.0	11.0	1.0	1.0	2.0	2.0	2.0	2.0	11.0		413.0	415.0	4.0	1.0	13.0		12.0		416.0	2.0	4.0		3.0	1.0	422.0	3.0	412.0	3.0	2.0		2.0				411.0	14.0		1.0	1.0	2.0	11.0	2.0	1.0		3.0	411.0	5.0				411.0	4.0											1.0					11.0		1.0		2.0		13.0		1.0		412.0	3.0	2.0		1.0		411.0	3.0	1.0											11.0		1.0		2.0		13.0		1.0		411.0	5.0	2.0				408.0	4.0				1.0				11.0	1.0	2.0		2.0		2.0			1.0	408.0	5.0		1.0							11.0		1.0		2.0		2.0				409.0	6.0		2.0			1.0								11.0		1.0		2.0		2.0		1.0		409.0	5.0				11.0		1.0		2.0		14.0		1.0		411.0	4.0	2.0	1.0			410.0	5.0							1.0																12.0		1.0		3.0	11.0	13.0	1.0	1.0	2.0	411.0	7.0	2.0	1.0		409.0	414.0	16.0		2.0		2.0		3.0				409.0	5.0						12.0	12.0	1.0	12.0	3.0	3.0	13.0	4.0	1.0	2.0	410.0	414.0	8.0	408.0	6.0		408.0	6.0					1.0		1.0			1.0		1.0					2.0	11.0		1.0		3.0		2.0	1.0			407.0	6.0						1.0	11.0		1.0		2.0	1.0	2.0				407.0	7.0	1.0	1.0			11.0		1.0		13.0		4.0		2.0		408.0	6.0	1.0	11.0	406.0	7.0	1.0	2.0		2.0				406.0	10.0	1.0									11.0	11.0	1.0	1.0	2.0	2.0	2.0	2.0			402.0	411.0	11.0	1.0											11.0		1.0		2.0	11.0	2.0	1.0		2.0	408.0	15.0	2.0		2.0	408.0	20.0	2.0		2.0	394.0	20.0	1.0			394.0	18.0	1.0							11.0		1.0		2.0		2.0				394.0	17.0	2.0
S		2.0		2.0	1.0	1.0	1.0	414.0	1.0						1.0																							1.0				1.0		1.0														1.0	2.0	1.0	1.0								12.0	1.0	1.0		2.0		2.0			1.0	411.0	3.0				11.0		1.0		2.0		2.0		1.0		410.0	3.0					1.0									11.0	11.0	1.0	1.0	2.0	2.0	2.0	2.0		11.0	409.0	413.0	4.0	2.0		2.0	1.0			407.0	4.0			1.0							1.0						11.0		12.0		3.0		4.0	1.0	2.0		408.0	5.0	408.0	5.0				11.0	11.0	1.0	2.0	3.0	2.0	2.0	2.0			419.0	412.0	6.0		3.0		2.0			11.0	406.0	6.0		2.0		2.0				408.0	5.0				1.0							11.0	1.0	1.0		2.0		2.0				409.0	5.0					1.0									12.0		1.0		2.0		2.0				409.0	5.0			11.0		1.0		3.0		2.0				410.0	5.0											1.0				11.0		2.0		2.0	6.0	2.0				409.0	5.0									1.0									1.0			1.0				1.0										1.0							1.0	12.0		1.0		2.0		2.0				406.0	6.0	1.0									1.0					1.0																			11.0		1.0		2.0		2.0				402.0	10.0	1.0												11.0		1.0		2.0		2.0				397.0	15.0	1.0														11.0		1.0		2.0		2.0	11.0		1.0	394.0	20.0	1.0	3.0				394.0	18.0	1.0				1.0					
T			1.0			11.0		1.0		2.0		2.0	1.0			413.0	14.0		1.0		2.0		2.0				412.0	2.0	1.0		12.0		1.0		14.0		3.0		2.0		421.0	1.0	1.0		413.0	3.0	2.0		1.0		411.0	3.0									11.0	11.0	1.0	1.0	2.0	3.0	13.0	2.0	1.0		424.0	415.0	6.0		2.0		413.0	3.0			421.0	3.0	12.0		3.0		5.0		2.0	1.0	410.0	3.0	410.0	3.0						1.0			1.0			12.0		1.0		2.0	1.0	2.0				410.0	3.0		11.0		2.0	1.0	2.0		2.0				409.0	4.0		11.0		12.0		3.0		15.0	1.0	3.0		409.0	5.0	410.0	5.0			408.0	5.0			11.0		1.0		2.0		2.0		2.0		409.0	5.0		1.0				11.0		1.0		3.0		13.0		1.0		409.0	5.0	2.0				408.0	6.0							12.0		1.0		2.0		2.0				409.0	5.0		11.0		1.0	12.0	2.0	1.0	2.0	2.0	11.0	2.0	410.0	5.0	2.0	409.0	7.0		1.0		420.0	16.0	1.0	1.0	2.0	2.0	3.0	2.0		1.0	409.0	413.0	4.0			1.0					1.0												1.0						1.0			11.0		1.0	1.0	2.0	1.0	2.0				409.0	5.0			1.0	1.0			2.0							1.0			1.0		1.0	11.0		1.0		2.0	1.0	3.0				407.0	6.0	1.0									1.0																									11.0		1.0		2.0	11.0	2.0	1.0		3.0	406.0	8.0	1.0			406.0	6.0	1.0												10.0		12.0		3.0		4.0		2.0		401.0	21.0	414.0	11.0	2.0	13.0	2.0	3.0	2.0	2.0		399.0	411.0	11.0	1.0	397.0	14.0	12.0		1.0		2.0		2.0				397.0	15.0	1.0																																			
V		415.0				1.0	11.0		1.0		2.0		2.0				412.0	3.0	1.0	11.0	1.0	1.0		2.0	12.0	2.0	1.0		2.0	412.0	4.0				412.0	13.0		1.0		2.0		2.0	11.0	11.0	1.0	413.0	5.0	2.0	2.0	2.0	1.0		412.0	414.0	3.0		11.0		1.0	1.0	2.0		2.0	11.0	1.0	12.0	411.0	6.0		4.0	1.0	2.0	1.0	422.0	3.0	412.0	3.0	2.0	1.0	2.0				411.0	3.0			1.0	1.0	1.0		11.0	1.0	1.0		3.0		2.0				410.0	3.0			1.0		1.0											1.0	1.0	11.0		1.0	1.0	3.0		2.0				407.0	4.0		1.0	1.0	1.0										1.0							1.0	11.0	1.0	11.0		3.0		4.0	1.0	3.0		408.0	5.0	407.0	6.0	11.0		1.0	1.0	2.0		2.0		11.0		409.0	16.0	2.0	1.0	13.0	3.0	1.0	2.0	410.0	3.0	3.0	409.0	5.0		409.0	5.0						11.0		1.0		2.0		2.0				409.0	5.0												11.0	11.0	1.0	1.0	2.0	2.0	3.0	2.0			409.0	414.0	2.0					11.0		1.0		2.0		2.0	1.0			420.0	5.0	1.0		2.0		2.0	12.0		1.0	409.0	6.0		3.0		11.0		410.0	5.0	2.0		2.0				409.0	5.0										1.0		1.0		1.0				1.0									1.0					1.0					1.0																			11.0		1.0		2.0		2.0				407.0	6.0	1.0			1.0			11.0	1.0	1.0		2.0		2.0				417.0	6.0	2.0		2.0		13.0		1.0		404.0	10.0	3.0				402.0	10.0	1.0													1.0		11.0		1.0		13.0		3.0		2.0		399.0	15.0	1.0	11.0	397.0	16.0	1.0	2.0		2.0				405.0	18.0	2.0		2.0		2.0				394.0	18.0	1.0													1.0					
W																												1.0																						1.0								1.0						1.0				1.0						1.0																								1.0																	1.0	1.0		1.0																																1.0											11.0		1.0		2.0		13.0	1.0	1.0		410.0	5.0	2.0				419.0	5.0	1.0		2.0		2.0				408.0	5.0												1.0	1.0									1.0									11.0		1.0		2.0		3.0				409.0	5.0		1.0																									1.0											1.0						1.0																				1.0									11.0		1.0		3.0		2.0		1.0		407.0	6.0	1.0															1.0																														11.0		1.0		2.0		2.0				402.0	10.0	1.0					11.0		1.0		2.0		2.0				402.0	10.0	1.0								11.0		1.0		2.0		2.0				397.0	15.0	1.0	11.0		1.0		2.0		2.0				394.0	18.0	1.0																							
X													1.0																																															3.0																				1.0	1.0	1.0	2.0	1.0	1.0	1.0	1.0	1.0	1.0	1.0	1.0	1.0	1.0	1.0	2.0	1.0	1.0	1.0	1.0	1.0	1.0	1.0	1.0	1.0	3.0	2.0	1.0	1.0	1.0	1.0	2.0	2.0	1.0	1.0	1.0	1.0	1.0	1.0	1.0	2.0	2.0	1.0	1.0	1.0	2.0	2.0	2.0	3.0	2.0	2.0	3.0	2.0	2.0	2.0	2.0	2.0	3.0	2.0	2.0	2.0	3.0	2.0	1.0	2.0	1.0	1.0	1.0	1.0	1.0	1.0	1.0	1.0	2.0	1.0	2.0	2.0	1.0	1.0	1.0	1.0	1.0	1.0	1.0	1.0	1.0	2.0	1.0	1.0	1.0	1.0	1.0	1.0	1.0	1.0	1.0	1.0	1.0	1.0	1.0	1.0	1.0	1.0	1.0	1.0	1.0	1.0	1.0	1.0																					1.0																			1.0	1.0					1.0	1.0	1.0	1.0	1.0	1.0	1.0	1.0	1.0																		1.0																			1.0										1.0	1.0	1.0	1.0	1.0	2.0	1.0	1.0	1.0	1.0																					1.0	1.0	1.0	1.0	2.0	3.0	2.0	2.0	2.0	1.0	1.0								1.0													1.0												1.0																																			1.0																																																
Y													1.0									1.0										1.0		1.0																									11.0		1.0		2.0		2.0				411.0	3.0																									11.0		1.0	11.0	2.0	1.0	2.0	2.0		2.0	407.0	3.0		410.0	3.0							11.0		1.0		2.0		3.0				408.0	4.0																																																1.0						9.0			1.0		1.0														1.0											1.0										1.0																																							2.0									1.0																		11.0		12.0		3.0		4.0		2.0		407.0	6.0	408.0	6.0														11.0		1.0		2.0		2.0				415.0	6.0	1.0		2.0		2.0	1.0			407.0	6.0	1.0																											11.0		1.0		2.0		2.0			11.0	402.0	11.0	1.0	2.0		2.0				402.0	10.0	1.0																										113.0	7.0																																		
